<ImportExportXml version="5.0.9690.2839" minimumversion="5.0.0.0" languagecode="1033" generatedBy="OnPremise" xmlns:xsi="http://www.w3.org/2001/XMLSchema-instance">
  <SolutionManifest>
    <UniqueName>thedticustomisations</UniqueName>
    <LocalizedNames>
      <LocalizedName description="the dti - customisations" languagecode="1033" />
    </LocalizedNames>
    <Descriptions />
    <Version>1.01</Version>
    <Managed>0</Managed>
    <Publisher>
      <UniqueName>DefaultPublisherDEMOCRM</UniqueName>
      <LocalizedNames>
        <LocalizedName description="Default Publisher for DEMOCRM" languagecode="1033" />
      </LocalizedNames>
      <Descriptions>
        <Description description="Default publisher for this organization" languagecode="1033" />
      </Descriptions>
      <EMailAddress xsi:nil="true"></EMailAddress>
      <SupportingWebsiteUrl xsi:nil="true"></SupportingWebsiteUrl>
      <CustomizationPrefix>new</CustomizationPrefix>
      <CustomizationOptionValuePrefix>10000</CustomizationOptionValuePrefix>
      <Addresses>
        <Address>
          <AddressNumber>1</AddressNumber>
          <AddressTypeCode xsi:nil="true"></AddressTypeCode>
          <City xsi:nil="true"></City>
          <County xsi:nil="true"></County>
          <Country xsi:nil="true"></Country>
          <Fax xsi:nil="true"></Fax>
          <FreightTermsCode xsi:nil="true"></FreightTermsCode>
          <ImportSequenceNumber xsi:nil="true"></ImportSequenceNumber>
          <Latitude xsi:nil="true"></Latitude>
          <Line1 xsi:nil="true"></Line1>
          <Line2 xsi:nil="true"></Line2>
          <Line3 xsi:nil="true"></Line3>
          <Longitude xsi:nil="true"></Longitude>
          <Name xsi:nil="true"></Name>
          <PostalCode xsi:nil="true"></PostalCode>
          <PostOfficeBox xsi:nil="true"></PostOfficeBox>
          <PrimaryContactName xsi:nil="true"></PrimaryContactName>
          <ShippingMethodCode xsi:nil="true"></ShippingMethodCode>
          <StateOrProvince xsi:nil="true"></StateOrProvince>
          <Telephone1 xsi:nil="true"></Telephone1>
          <Telephone2 xsi:nil="true"></Telephone2>
          <Telephone3 xsi:nil="true"></Telephone3>
          <TimeZoneRuleVersionNumber xsi:nil="true"></TimeZoneRuleVersionNumber>
          <UPSZone xsi:nil="true"></UPSZone>
          <UTCOffset xsi:nil="true"></UTCOffset>
          <UTCConversionTimeZoneCode xsi:nil="true"></UTCConversionTimeZoneCode>
        </Address>
        <Address>
          <AddressNumber>2</AddressNumber>
          <AddressTypeCode xsi:nil="true"></AddressTypeCode>
          <City xsi:nil="true"></City>
          <County xsi:nil="true"></County>
          <Country xsi:nil="true"></Country>
          <Fax xsi:nil="true"></Fax>
          <FreightTermsCode xsi:nil="true"></FreightTermsCode>
          <ImportSequenceNumber xsi:nil="true"></ImportSequenceNumber>
          <Latitude xsi:nil="true"></Latitude>
          <Line1 xsi:nil="true"></Line1>
          <Line2 xsi:nil="true"></Line2>
          <Line3 xsi:nil="true"></Line3>
          <Longitude xsi:nil="true"></Longitude>
          <Name xsi:nil="true"></Name>
          <PostalCode xsi:nil="true"></PostalCode>
          <PostOfficeBox xsi:nil="true"></PostOfficeBox>
          <PrimaryContactName xsi:nil="true"></PrimaryContactName>
          <ShippingMethodCode xsi:nil="true"></ShippingMethodCode>
          <StateOrProvince xsi:nil="true"></StateOrProvince>
          <Telephone1 xsi:nil="true"></Telephone1>
          <Telephone2 xsi:nil="true"></Telephone2>
          <Telephone3 xsi:nil="true"></Telephone3>
          <TimeZoneRuleVersionNumber xsi:nil="true"></TimeZoneRuleVersionNumber>
          <UPSZone xsi:nil="true"></UPSZone>
          <UTCOffset xsi:nil="true"></UTCOffset>
          <UTCConversionTimeZoneCode xsi:nil="true"></UTCConversionTimeZoneCode>
        </Address>
      </Addresses>
    </Publisher>
    <RootComponents>
      <RootComponent type="1" schemaName="account" />
      <RootComponent type="1" schemaName="activitymimeattachment" />
      <RootComponent type="1" schemaName="activitypointer" />
      <RootComponent type="1" schemaName="businessunit" />
      <RootComponent type="1" schemaName="contact" />
      <RootComponent type="1" schemaName="contractdetail" />
      <RootComponent type="1" schemaName="email" />
      <RootComponent type="1" schemaName="incident" />
      <RootComponent type="1" schemaName="incidentresolution" />
      <RootComponent type="1" schemaName="new_agency" />
      <RootComponent type="1" schemaName="new_country" />
      <RootComponent type="1" schemaName="new_externalagent" />
      <RootComponent type="1" schemaName="new_offering" />
      <RootComponent type="1" schemaName="new_province" />
      <RootComponent type="1" schemaName="new_publicholidays" />
      <RootComponent type="1" schemaName="new_qualityassurance" />
      <RootComponent type="1" schemaName="new_strategicobjective" />
      <RootComponent type="1" schemaName="systemuser" />
      <RootComponent type="1" schemaName="template" />
      <RootComponent type="9" schemaName="new_emailsource" />
      <RootComponent type="9" schemaName="new_jobtitle" />
      <RootComponent type="9" schemaName="new_qarating" />
      <RootComponent type="9" schemaName="new_title" />
      <RootComponent type="20" id="{09b4f241-ff8f-e211-8eed-00155d026602}" />
      <RootComponent type="20" id="{63997196-dd8f-e211-8eed-00155d026602}" />
      <RootComponent type="20" id="{7d957326-6191-e211-8eed-00155d026602}" />
      <RootComponent type="20" id="{bbafc449-6291-e211-8eed-00155d026602}" />
      <RootComponent type="29" id="{222adf5d-c430-49ef-a396-4d464c0bffd8}" />
      <RootComponent type="29" id="{549d4417-1cea-4a49-8397-6b9792c18a64}" />
      <RootComponent type="29" id="{7d3ffaa3-f037-4969-9dc6-c4dd2ae959b0}" />
      <RootComponent type="29" id="{849c5f9e-54c3-4b99-acb5-47b79f200a1c}" />
      <RootComponent type="29" id="{c36901a8-9ca1-460e-968d-6b54407d3d7d}" />
      <RootComponent type="29" id="{dd46567e-cd12-4ab6-9347-a2ed207e18a2}" />
      <RootComponent type="29" id="{e605f043-b3b5-4b7a-b6fc-65ee7175acb3}" />
      <RootComponent type="29" id="{eae450a6-bd7a-453a-b109-8ed1353f61de}" />
      <RootComponent type="61" schemaName="new_autoPopulatePostalAdd" />
      <RootComponent type="61" schemaName="new_conditionalDisable" />
      <RootComponent type="61" schemaName="new_diableOrEnableCaseFields" />
      <RootComponent type="61" schemaName="new_Email_hideOrShow_read" />
      <RootComponent type="91" schemaName="CustomWF, Version=1.0.0.0, Culture=neutral, PublicKeyToken=62bb6d2444a177e4" />
      <RootComponent type="91" schemaName="Plugins, Version=1.0.0.0, Culture=neutral, PublicKeyToken=d3465147d113fb61" />
    </RootComponents>
    <MissingDependencies />
  </SolutionManifest>
</ImportExportXml>